"split","accuracy","log_loss","macro_precision","macro_recall","macro_f1"
"train",0.443711931207453,1.1971372326339,0.425524483527758,0.445076723349919,0.4242109365958
"test",0.444539982803095,1.19539510033451,0.420711679598401,0.438996307482179,0.4208043009975
