"split","accuracy","log_loss","macro_precision","macro_recall","macro_f1"
"train",0.442565388749552,1.19712781370445,0.42403330365546,0.443937446728157,0.422787721749772
"test",0.445113212955001,1.19538845154549,0.421317092723613,0.439573267435598,0.421249343279404
