"Class","Precision","Recall","F1","Support"
"Easy",0.525356576862124,0.723009814612868,0.608536025699862,917
"Intermediate",0.359036144578313,0.346915017462165,0.35287152161042,859
"Intermediate/Difficult",0.3276955602537,0.182567726737338,0.234493192133132,849
"Difficult",0.471861471861472,0.50462962962963,0.487695749440716,864
