"Class","Precision","Recall","F1","Support"
"Easy",0.525356576862124,0.723009814612868,0.608536025699862,917
"Intermediate",0.359903381642512,0.346915017462165,0.353289863663308,859
"Intermediate/Difficult",0.326359832635983,0.183745583038869,0.235116804822909,849
"Difficult",0.471226927252986,0.502314814814815,0.486274509803922,864
