"Class","Precision","Recall","F1","Support"
"Easy",0.505465587044534,0.725029036004646,0.595658396946565,3444
"Intermediate",0.333545918367347,0.298686464877213,0.315155167219042,3502
"Intermediate/Difficult",0.372718052738337,0.209282460136674,0.268052516411379,3512
"Difficult",0.489122088558997,0.546468401486989,0.516207455429498,3497
