"Class","Precision","Recall","F1","Support"
"Easy",0.524940617577197,0.723009814612868,0.608256880733945,917
"Intermediate",0.36101083032491,0.349243306169965,0.355029585798817,859
"Intermediate/Difficult",0.327004219409283,0.182567726737338,0.234315948601663,849
"Difficult",0.472312703583062,0.503472222222222,0.487394957983193,864
