"Class","Precision","Recall","F1","Support"
"Easy",0.504956504147279,0.724738675958188,0.595206867771551,3444
"Intermediate",0.333013742409716,0.297544260422616,0.314281405519529,3502
"Intermediate/Difficult",0.370070778564206,0.208428246013667,0.266666666666667,3512
"Difficult",0.48809218950064,0.545038604518158,0.51499594704134,3497
