"feature","class_Easy","class_Intermediate","class_Intermediate.Difficult"
"Intercept",0.0409034579220877,0.026171706096144,0.0266617507191518
"elevation_gain",0.0489895542879087,0.0310259605041175,0.0233821895110918
"elevation_loss",0.0608002026809756,0.0352141543122188,0.0225630926797043
"average_grade",0.0683212782247735,0.0421002659998323,0.0314483902779519
"max_grade",0.0650537053943149,0.0464649153599846,0.0321332372413317
