"feature","class_Easy","class_Intermediate","class_Intermediate.Difficult"
"Intercept",0.0376263364063657,0.0270049943253227,0.0272226854855075
"elevation_gain",0.0546295423020292,0.031279743439161,0.0236951436926566
"elevation_loss",0.0646085572749946,0.0374036620816344,0.0246141044582082
"average_grade",0.0613894771902722,0.0399488825968844,0.0333911767948611
"max_grade",0.0701043881982202,0.0458056223400179,0.0321481692041704
