"feature","class_Easy","class_Intermediate","class_Intermediate.Difficult"
"Intercept",-0.517788188205549,0.220400114889498,0.225249116113806
"elevation_gain",-0.0521914011767811,0.0071533777411444,-0.0171636948035474
"elevation_loss",-0.334485932449457,-0.288051016948414,-0.0617540143048798
"average_grade",-1.68438743166649,-0.742195290929714,-0.453136835834792
"max_grade",-0.878202918071666,-0.279349475161027,-0.0488934612328487
