"feature","class_Easy","class_Intermediate","class_Intermediate.Difficult"
"Intercept",-0.512358476036856,0.218683357046572,0.225022872639177
"elevation_gain",-0.0501633929215971,0.00559302898917349,-0.018228658994396
"elevation_loss",-0.333283825296783,-0.29037793919232,-0.0583242842978603
"average_grade",-1.66747242745796,-0.741148504181121,-0.450559983354821
"max_grade",-0.886468984688809,-0.274789238324166,-0.0496719116579042
